Sector,1990,1991,1992,1993,1994,1995,1996,1997,1998,1999,2000,2001,2002,2003,2004,2005,2006,2007,2008,2009,2010,2011,2012,2013,2014,2015,2016,2017,2018,2019
ab_com_Table 1: Secondary Energy Use and GHG Emissions by Energy Source,140.196519999999,135.16752,126.78828,130.5202,132.18388,149.301,138.759,142.665,140.548,135.826,145.31312705619,133.39645586973,152.41644717446,163.624259208689,160.364349614399,149.8021806283,149.236587412599,151.198058043147,156.4890204953,166.53928368794,162.808460869599,171.54,174.127,172.1076901408,177.3833431373,166.847,182.73254006969,217.319057142856,222.38779487179,227.290344444449
ab_res_Table 1: Secondary Energy Use and GHG Emissions by Energy Source,156.126,156.755,154.109,157.768,172.945,175.977,194.386,180.115,178.652,176.26,191.275274,172.236941,189.772674,191.039974,190.451087,177.672078,180.666504,210.369896,207.401309,204.959368,195.73602,206.601171,205.480747,207.471177,207.567758,201.214109,200.186182,218.777529,228.351725,220.874434
ab_tra_Table 1: Secondary Energy Use by Energy Source,249.574,226.996,230.502,233.453,256.821,259.054,267.836,286.597,299.653,304.414,315.637,342.236,334.507,342.317,360.015,370.29,391.983,423.255,418.948,416.1,434.752,422.898,448.09,480.083,500.76,461.071,432.381,420.028,462.903,-
ab_ind_Table 1: Secondary Energy Use and GHG Emissions by Energy Source ,501.94,497.47,507.75,534.31,592.61,649.39,677.91,714.0,676.95,689.06,727.43,691.74,737.61,806.63,831.4,860.93,873.3,1003.82,963.79,1028.46,1116.44,1289.06,1338.55,1400.58,1437.2,1453.24,1339.87,1449.75,-,-
ab_ind_Table 3: Construction Secondary Energy Use and GHG Emissions,11.64,9.431,9.868,9.235,10.691,9.706,10.328,12.156,9.826,10.796,10.59001,10.51701,10.511043,10.062055,10.683109,12.901022,13.808,13.446046,13.164041,9.716099,10.443191,12.413,12.752,13.031599,13.409686,13.725,15.753237,19.773176,-,-
ab_ind_Table 4: Pulp and Paper Secondary Energy Use and GHG Emissions,27.965,22.178594,24.15625,24.557182,34.724011,61.562573,72.636353,75.6942,77.119276,81.117313,85.435158,83.938432,92.585575,97.907787,109.993038,117.394211,86.062623,88.307692,76.3074,75.27535,72.919966,74.130506,78.085498,84.548102,92.206715,81.71464,58.624041,59.066836,-,-
ab_ind_Table 5: Smelting and Refining Secondary Energy Use and GHG Emissions,2.185,2.192,2.285,2.785,2.139,5.999,5.969,6.371,5.849,5.567,5.545,5.163,5.211,4.36,3.966,4.08,4.646,5.061481,0.492133,0.393396,5.600202,6.788,0.299,0.291,0.716895,0.66974,0.566982,0.528027,-,-
ab_ind_Table 6: Petroleum Refining Secondary Energy Use and GHG Emissions,63.452039,60.98282,60.226889,64.022953,65.901176,84.848056,75.370203,94.179274,87.90316,38.08632,74.83891,75.7157,89.6077,74.05431,88.06786,73.63625,74.82491,76.76801,59.660869,56.69469,76.11589,76.80339,78.448401,80.517995,92.768716,92.846126,93.161973,101.230768,-,-
ab_ind_Table 7: Cement Secondary Energy Use and GHG Emissions,7.9457,6.9261,7.3348,8.0285,7.9902,9.4942,8.5194,10.3,10.6101,10.879,11.1762,10.4366,10.6264,7.0685,9.2924,10.6624,11.1312,10.619,9.9536,10.0139,10.7382,11.0783,10.1487,10.4658,9.1411,9.1813,7.926403,10.512,-,-
ab_ind_Table 8: Chemicals Secondary Energy Use and GHG Emissions,93.113,106.211,108.711,101.45,127.901,130.632,128.985,137.082,141.917,135.584,134.1,113.43,114.009,116.802,126.616,127.591,126.734,120.145099,120.44102,120.237,138.615,158.753,157.508,165.737099,144.89,126.178,124.057,122.91,-,-
ab_ind_Table 9: Iron and Steel Secondary Energy Use and GHG Emissions,2.214,1.769,2.338,2.244,2.424,1.635,1.615,1.777,1.808,1.807,2.014,1.646,2.194,1.911,1.937,1.739,3.327,3.236035,4.055041,2.953142,2.970274,2.809,2.694,2.521197,2.953,4.055,2.183,2.66,-,-
ab_ind_Table 10: Other Manufacturing Secondary Energy Use and GHG Emissions,100.02,106.173406,99.67075,84.132818,97.158489,84.361777,84.909747,90.87485,70.284024,84.849737,84.645209,61.343062,57.43602,51.831036,48.546293,45.715014,58.933675,62.205153,58.831358,62.250648,55.773261,61.850844,64.012652,72.895417,76.410528,61.41667,63.003478,62.931233,-,-
ab_ind_Table 11: Forestry Secondary Energy Use and GHG Emissions,0.618,0.562,0.549,0.534,0.568,0.603,0.752,0.959,1.24,1.53,1.266,1.916,1.089,1.243,1.154,1.394,1.797,1.754,1.928,1.701,1.853,1.425,0.993,0.860148,0.800038,1.725,1.878,1.461,-,-
"ab_ind_Table 12: Mining, Quarrying, Oil and Gas Extraction Secondary Energy Use and GHG Emissions",192.787961,181.04118,192.611111,237.325047,243.108824,260.548944,288.823797,284.603726,270.38984,318.84268,317.820239,327.629624,354.337239,441.387884,431.146825,465.819209,492.031268,622.279007,618.957995,689.227133,741.414712,883.00461,933.609599,969.715913,1003.903718,1061.731874,972.716564,1068.679894,-,-
atl_com_Table 1: Secondary Energy Use and GHG Emissions by Energy Source,47.1001999999999,47.53944,48.52948,46.26928,46.63284,49.204,48.567,53.908,49.737,51.413,57.2421696279999,58.4240535699999,57.564919017,61.8273129719999,67.621879086,62.995565431,56.2989396239999,63.560298041,60.5817912929999,54.299235688,52.6561333089999,61.571565172,59.5155275999999,54.6988353219999,60.1185388719999,61.506314475,59.3289774539999,57.388142356,55.5116295799999,56.302731298
atl_res_Table 1: Secondary Energy Use and GHG Emissions by Energy Source,128.433,124.928,127.815,129.111,123.416,114.141,116.752,120.256,114.971,114.108,99.451678,100.221468,103.809893,98.10634,100.706305,97.382073,96.468639,110.069342,110.807271,112.215018,118.844727,126.881263,117.231699,111.232862,111.682144,112.521288,109.088885,111.200753,113.876522,104.728374
atl_tra_Table 1: Secondary Energy Use by Energy Source,191.114,184.277,181.814,183.28,188.013,192.676,195.332,198.426,203.089,212.876,213.278,205.318,203.456,209.542,215.143,218.575,203.866,210.018,204.54,197.945,204.28,230.007,201.527,177.159,181.741,199.561,207.934,197.354,207.154,202.548
atl_ind_Table 1: Secondary Energy Use and GHG Emissions by Energy Source ,190.32,178.95,171.0,175.11,184.67,210.08,210.04,220.0,206.44,210.34,226.84,227.4,234.97,235.72,245.38,236.9,234.14,245.17,227.85,215.55,212.25,194.25,189.04,187.14,162.32,165.74,174.4,180.85,-,-
atl_ind_Table 3: Construction Secondary Energy Use and GHG Emissions,4.768,3.857,3.771,3.178,3.253,3.221,2.975,3.07,3.068,3.297,3.429507,3.686829,3.762471,3.862989,4.457551,4.120262,4.163593,4.533893,4.044024,3.743989,6.185017,6.032023,5.110708,4.324649,5.430119,6.834186,8.544876,7.53167,-,-
atl_ind_Table 4: Pulp and Paper Secondary Energy Use and GHG Emissions,89.288458,62.472948,57.509738,57.63565,62.966102,98.760533,91.169541,94.036661,89.088006,97.014054,96.847863,91.054808,98.421672,97.691951,104.669481,89.42848,84.052139,93.876146,81.576814,73.161999,60.446777,53.979531,47.384156,53.024765,46.732744,52.160228,58.066367,61.134522,-,-
atl_ind_Table 5: Smelting and Refining Secondary Energy Use and GHG Emissions,1.197,1.111,1.892,2.168,2.248,1.549,1.387,1.394,1.599,1.817,1.645,1.504,1.385,1.019,0.871,1.18,1.745,2.519945,1.748152,1.803765,1.736666,1.681533,1.639797,1.623412,1.463829,1.525843,1.227578,2.284637,-,-
atl_ind_Table 6: Petroleum Refining Secondary Energy Use and GHG Emissions,42.365,45.792,43.5,49.309,38.395,49.598,57.724,61.65,55.049,55.933,63.244,77.035,75.711,72.882,72.515,72.987,74.515,74.585,73.935,75.539,79.744,73.757,76.002,71.088,58.943,57.318,62.557,62.512,-,-
atl_ind_Table 7: Cement Secondary Energy Use and GHG Emissions,1.774,1.382,1.071,1.281,1.182,0.915,1.011,0.867,1.025,0.638,1.667,1.045,1.221,1.753,1.498,1.643,1.421,1.125,1.541308,1.156136,1.217234,1.176148,1.434017,1.134021,1.182026,1.218006,1.214007,1.372007,-,-
atl_ind_Table 8: Chemicals Secondary Energy Use and GHG Emissions,0.908,0.762,0.906,0.888,0.983,1.283,1.145,1.163,1.187,1.31,1.426,1.531,1.347,1.379,1.603,1.266,1.426,1.368824,0.517003,0.480739,0.313337,0.32015,0.388417,0.43727,0.256328,0.365378,0.428451,0.369376,-,-
atl_ind_Table 9: Iron and Steel Secondary Energy Use and GHG Emissions,1.728,1.334,1.632,1.711,1.886,1.047,0.799,0.712,0.95,0.957,0.438,0.03,0.039,0.04,0.045,0.049,0.006,0.015035,0.003039,0.109898,0.048932,0.061742,0.016039,0.009016,0.004,0.004,0.004,0.004,-,-
atl_ind_Table 10: Other Manufacturing Secondary Energy Use and GHG Emissions,17.563542,37.092052,36.146262,35.57485,46.002398,25.609917,25.020509,27.072789,27.192094,25.043546,27.284762,25.738595,27.376449,27.153281,30.166373,31.972717,34.737941,35.770544,32.89932,32.021052,31.162867,24.85926,27.406062,28.676347,21.494187,20.6171,20.597612,23.296176,-,-
atl_ind_Table 11: Forestry Secondary Energy Use and GHG Emissions,0.338,0.295,0.37,0.573,0.314,0.307,0.614,0.887,0.641,0.776,0.913548,0.738461,0.771607,0.975063,1.04495,1.150014,3.9587,4.133177,4.096813,2.49825,4.287449,4.499044,4.304295,4.051254,4.084328,4.792454,4.478242,5.598201,-,-
"atl_ind_Table 12: Mining, Quarrying, and Oil and Gas Extraction Secondary Energy Use and GHG Emissions",30.392,24.848,24.206,22.796,27.441,27.786,28.195,29.151,26.642,23.558,29.944203,25.03364,24.935658,28.95997,28.50718,33.105889,28.119592,27.242237,27.492897,25.039262,27.10941,27.882342,25.355107,22.771783,22.731137,20.906856,17.28199,16.74556,-,-
bc_com_Table 1: Secondary Energy Use and GHG Emissions by Energy Source,100.54892,108.08108,111.78412,121.80616,117.19988,120.564,119.977,118.955,108.756,110.374,120.753,122.681,132.7939999999,118.3679999997,113.52812,112.2260000002,111.996000000099,123.0729999996,125.5590000003,119.0045635194,115.9346433479,117.464999999999,120.3939109178,117.8199331717,116.747464285279,111.33520751888,110.577301531199,116.3114710114,117.1406358862,120.223641221299
bc_res_Table 1: Secondary Energy Use and GHG Emissions by Energy Source,139.302,138.203,138.775,150.098,149.524,149.971,162.122,154.27,151.984,160.162,157.401077,154.249677,154.16757,147.814532,148.046527,156.65023,158.310535,158.258291,161.620923,160.787443,142.852376,161.417523,155.095478,154.9933,152.307877,144.264956,146.008691,161.510762,155.474042,158.611965
bc_tra_Table 1: Secondary Energy Use by Energy Source,268.161,271.33,283.863,283.213,299.987,318.561,326.727,337.539,340.868,344.484,344.689,334.446,342.288,354.06,370.183,359.024,354.146,366.3,369.92,352.38,368.946,346.376,348.146,356.175,350.325,345.615,360.825,364.731,-,-
bc_ind_Table 1: Secondary Energy Use and GHG Emissions by Energy Source ,408.84,403.42,390.63,398.86,414.8,445.9,451.76,421.7,417.52,454.56,481.18,455.92,431.54,432.89,480.19,470.34,443.57,428.45,369.65,347.79,345.4,344.38,364.75,362.65,383.87,410.82,412.01,413.73,-,-
bc_ind_Table 3: Construction Secondary Energy Use and GHG Emissions,10.289,9.311,9.649,10.334,10.095,8.186,8.063,6.51,5.898,5.627,5.977,5.652,6.527,7.593,8.159,8.641,8.155,9.298,9.364,6.167313,6.849069,9.096,9.288026,8.287182,7.484046,9.288021,12.70316,11.363557,-,-
bc_ind_Table 4: Pulp and Paper Secondary Energy Use and GHG Emissions,240.998959,147.526865,141.073632,144.976486,148.977276,282.31378,264.331522,251.36881,243.942324,272.379538,281.496039,250.285499,240.521003,231.734148,266.761797,260.167075,247.43318,226.550516,179.494189,184.278883,183.057137,171.879046,185.855558,180.945843,199.693813,212.524211,196.291685,199.769084,-,-
bc_ind_Table 5: Smelting and Refining Secondary Energy Use and GHG Emissions,28.082,29.389,28.404,28.862,27.414,26.744,27.109,25.178,26.313,27.86,27.7,23.622,22.357,26.242,29.379,27.811,21.929,23.859293,29.8039,26.382508,24.779997,24.23,24.371,24.321,21.893771,19.875951,33.443218,34.603459,-,-
bc_ind_Table 6: Petroleum Refining Secondary Energy Use and GHG Emissions,24.071,24.769,20.982,13.719,13.571,1.121,15.731,9.78,8.522,6.257,6.617,6.753,9.314,8.837,17.3,9.231,12.088,12.103,9.683,11.119,6.194,10.607,10.832,9.597,10.733,10.6,12.348,9.728,-,-
bc_ind_Table 7: Cement Secondary Energy Use and GHG Emissions,6.439,7.005,8.586,8.29,8.894,10.488,9.777,9.589,10.518,9.764,11.428,11.128,11.468,10.822,9.933,9.611,12.938,8.654,8.259,8.012,4.891,7.327,5.792,6.766,11.059005,12.558,14.034,15.031025,-,-
bc_ind_Table 8: Chemicals Secondary Energy Use and GHG Emissions,15.226,14.187,12.995,13.419,14.309,14.291,14.064,16.162,15.338,18.614,14.162,10.209,11.6,12.046,10.52,11.911,9.968,8.142,7.687,6.875,6.013,7.205,7.083,5.896007,6.939005,6.854,7.216,7.86,-,-
bc_ind_Table 9: Iron and Steel Secondary Energy Use and GHG Emissions,0.191,0.103,0.315,0.68,0.509,0.133,0.138,0.16,0.174,0.165,0.174,0.228,0.175,0.169,0.163,0.154,1.267,1.446,1.366,1.142,1.08,1.088,1.204,0.923,0.782,0.506,1.448,0.864,-,-
bc_ind_Table 10: Other Manufacturing Secondary Energy Use and GHG Emissions,42.837641,131.302185,134.000468,139.039314,154.039574,66.69407,70.527828,64.00619,65.495676,72.055212,87.928761,93.280751,81.468047,88.262852,88.326953,94.660125,69.28622,68.457292,53.290161,49.111084,51.720487,49.941654,52.799886,58.971414,59.357394,64.71614,54.140697,55.552755,-,-
bc_ind_Table 11: Forestry Secondary Energy Use and GHG Emissions,2.984,2.416,2.691,2.728,2.776,2.924,3.794,4.06,4.372,4.659,5.896,8.673,8.898,8.974,9.384,9.701,10.627,9.725,10.284,5.085107,6.477,5.829,6.007005,6.676124,6.457026,7.301006,6.632047,6.204023,-,-
"bc_ind_Table 12: Mining, Quarrying, Oil and Gas Extraction Secondary Energy Use and GHG Emissions",37.724,37.408,31.933,36.817,34.218,33.006,38.223,34.884,36.942,37.176,39.801,46.09,39.207,38.212,40.266,38.453,49.88,60.213,60.416,49.621718,54.340185,57.18,61.515046,60.2617,59.472337,66.594111,73.750311,72.757953,-,-
can_com_Table 1: Secondary Energy Use and GHG Emissions by Energy Source,745.563679999999,765.932,785.15108,815.96432,806.90264,840.384,837.25,863.583,810.365,849.078,931.944556681328,913.810474409734,970.869470719945,1001.86131375137,981.873668686193,957.049752068759,903.119269476477,949.126274511811,955.973570027293,948.156524191893,935.909615698926,982.072085605848,946.8665371339,968.439583263088,1020.48936011761,1007.38187313559,997.376466331755,-,-,-
can_res_Table 1: Secondary Energy Use and GHG Emissions by Energy Source,1424.646,1400.54,1424.457,1474.467,1508.61,1468.416,1546.15,1493.408,1393.921,1435.104,1491.159294,1433.124248,1504.841503,1514.43,1516.063072,1496.346084,1443.188503,1562.960388,1567.327623,1530.252397,1489.65186,1575.695607,1508.266953,1569.018621,1614.736783,1551.224405,1458.21632,-,-,-
can_tra_Table 1: Secondary Energy Use by Energy Source,1877.889,1807.282,1850.149,1873.209,1967.801,2011.695,2053.518,2126.19,2186.864,2240.466,2265.902,2255.101,2282.157,2349.808,2437.48,2479.742,2460.869,2562.072,2549.567,2509.053,2613.45,2616.5,2640.518,2692.804,2647.939,2636.278,2617.907,-,-,-
mb_com_Table 1: Secondary Energy Use and GHG Emissions by Energy Source,41.4676,41.65948,42.0350399999998,43.3402000000001,41.9887599999999,45.044,46.192,46.665,43.591,42.5359999999999,46.7276124314999,45.23972897194,46.83282808133,46.80835855077,46.72923329345,45.66263829784,42.2669029125799,43.26139393935,44.79524435594,43.5339742765599,39.597,41.0579999999999,38.4859999999999,45.759,49.2209999999999,46.841,45.294,47.6619999999999,51.44,50.479
mb_res_Table 1: Secondary Energy Use and GHG Emissions by Energy Source,53.858,52.281,49.469,51.047,50.762,51.35,54.611,51.148,46.692,47.475,47.83533,45.138808,46.872455,46.658532,47.14248,45.102903,39.865292,48.812847,51.153746,51.014602,48.156836,50.957102,49.943418,56.558329,57.931488,51.401889,50.332902,53.516854,57.845476,57.421127
mb_tra_Table 1: Secondary Energy Use by Energy Source,71.367,69.318,69.462,69.398,73.38,76.766,76.329,74.965,72.826,73.977,72.347,69.856,68.838,73.278,77.389,77.147,78.614,80.509,79.304,83.648,89.422,89.385,102.725,97.424,97.393,92.226,95.62,99.93,-,-
mb_ind_Table 1: Secondary Energy Use and GHG Emissions by Energy Source ,43.74,42.74,39.55,37.49,39.24,44.15,42.17,41.92,44.22,46.62,49.1,49.61,54.77,53.33,58.89,64.55,63.3,68.04,69.64,63.37,60.89,59.62,67.75,64.59,62.13,63.0,68.18,68.29,-,-
mb_ind_Table 3: Construction Secondary Energy Use and GHG Emissions,2.865,2.496,2.407,1.895,2.205,2.191,1.867,2.185,3.116,3.137,2.762101,2.88828,3.264572,3.562858,3.827547,4.179191,3.872485,4.656564,4.769552,3.340209,4.082,4.636,6.232,6.097,6.266,5.586,6.661,6.579,-,-
mb_ind_Table 4: Pulp and Paper Secondary Energy Use and GHG Emissions,8.568095,5.015988,5.556656,5.266322,5.475386,10.235384,9.295888,8.598742,8.314774,8.389225,8.69197,8.46356,8.307764,8.47048,10.129994,11.219287,11.169853,10.847175,10.128593,8.174139,6.963537,6.942148,6.795529,6.859948,8.260926,6.336295,6.385484,5.99985,-,-
mb_ind_Table 5: Smelting and Refining Secondary Energy Use and GHG Emissions,7.459,8.086,7.165,6.204,5.159,4.87,5.006,4.726,5.061,4.995,5.114,5.568,5.727,5.563,7.705,7.836,7.444,7.635025,7.610723,6.894486,6.838406,5.96,5.989,5.806,6.004432,5.6906,5.684082,5.226337,-,-
mb_ind_Table 6: Petroleum Refining Secondary Energy Use and GHG Emissions,0.037,0.019,0.003,0.0,0.001,0.0,0.0,0.0,0.0,0.0,0.0,0.0,0.005,0.007,0.005,0.005,0.0,0.0,0.0,0.0,0.0,0.0,0.0,0.0,0.0,0.0,0.0,0.002,-,-
mb_ind_Table 7: Cement Secondary Energy Use and GHG Emissions,1.224,0.951,0.218,0.177,0.041,0.0,0.0,0.0,0.0,0.0,0.0,0.0,0.0,0.0,0.002,0.0,0.0,0.0,0.0,0.0,0.003,0.004,0.0,0.0,0.0,0.001,0.001,0.002,-,-
mb_ind_Table 8: Chemicals Secondary Energy Use and GHG Emissions,3.888,4.947,4.828,5.499,5.507,9.412,9.378,9.277,10.675,12.214,13.006,13.322,14.569,13.611,15.244,18.607,14.915,15.176,17.734,17.488,16.998,17.74,16.959,18.506,17.01,17.847,20.865,19.226,-,-
mb_ind_Table 9: Iron and Steel Secondary Energy Use and GHG Emissions,1.598,1.493,1.709,1.857,1.884,0.43,0.416,0.404,0.502,0.647,0.681,0.678,2.165,2.264,2.535,2.317,2.77,2.758,2.619,1.837,2.127,2.324,2.17,2.424,2.54,2.383,2.275,2.316,-,-
mb_ind_Table 10: Other Manufacturing Secondary Energy Use and GHG Emissions,14.172405,16.619012,14.868844,14.067678,16.295614,14.055316,12.994862,13.407008,13.398076,14.529775,15.89329,15.206157,17.354407,15.736205,16.228939,17.26851,17.626347,21.27816,21.045334,20.351088,19.670966,18.573852,22.461421,17.946802,18.008941,21.626805,22.966985,24.604663,-,-
mb_ind_Table 11: Forestry Secondary Energy Use and GHG Emissions,0.12,0.096,0.133,0.147,0.139,0.132,0.158,0.097,0.099,0.12,0.204,0.579,0.725,0.432,0.225,0.268,0.226044,0.175094,0.191085,0.146,0.111,0.061,0.125,0.126,0.167,0.141,0.218,0.341,-,-
"mb_ind_Table 12: Mining, Quarrying, Oil and Gas Extraction Secondary Energy Use and GHG Emissions",3.805,3.021,2.666,2.377,2.534,2.827,3.059,3.23,3.056,2.588,2.752212,2.908625,2.649247,3.684126,2.98322,2.851043,5.280175,5.516503,5.54212,5.134881,4.096,3.383,7.021,6.826,3.868,3.384,3.128,3.993,-,-
nb_res_Table 1: Secondary Energy Use and GHG Emissions by Energy Source,40.401,40.268,40.572,40.622,38.643,36.762,37.415,38.024,36.79,36.663,37.175595,34.634796,36.623154,35.32,37.962071,38.413545,35.957248,37.429873,37.746732,36.797275,36.414726,38.554315,36.40373,33.823622,35.705219,36.921048,34.990177,34.694993,-,-
nb_tra_Table 1: Secondary Energy Use by Energy Source,55.799,54.697,56.153,58.423,61.396,61.118,63.351,65.582,66.292,68.94,71.44,69.849,69.09,67.518,68.869,69.597,67.795,66.001,62.924,58.214,63.568,77.387,68.313,55.797,52.945,57.051,62.493,56.626,-,-
nb_ind_Table 1: Secondary Energy Use and GHG Emissions by Energy Source ,190.32,178.95,171.0,175.11,184.67,210.08,210.04,220.0,206.44,210.34,226.84,227.4,234.97,235.72,245.38,236.9,234.14,245.17,227.85,215.55,212.25,194.25,189.04,187.14,162.32,165.74,174.4,180.85,-,-
nb_ind_Table 3: Construction Secondary Energy Use and GHG Emissions,4.768,3.857,3.771,3.178,3.253,3.221,2.975,3.07,3.068,3.297,3.429507,3.686829,3.762471,3.862989,4.457551,4.120262,4.163593,4.533893,4.044024,3.743989,6.185017,6.032023,5.110708,4.324649,5.430119,6.834186,8.544876,7.53167,-,-
nb_ind_Table 4: Pulp and Paper Secondary Energy Use and GHG Emissions,89.288458,62.472948,57.509738,57.63565,62.966102,98.760533,91.169541,94.036661,89.088006,97.014054,96.847863,91.054808,98.421672,97.691951,104.669481,89.42848,84.052139,93.876146,81.576814,73.161999,60.446777,53.979531,47.384156,53.024765,46.732744,52.160228,58.066367,61.134522,-,-
nb_ind_Table 5: Smelting and Refining Secondary Energy Use and GHG Emissions,1.197,1.111,1.892,2.168,2.248,1.549,1.387,1.394,1.599,1.817,1.645,1.504,1.385,1.019,0.871,1.18,1.745,2.519945,1.748152,1.803765,1.736666,1.681533,1.639797,1.623412,1.463829,1.525843,1.227578,2.284637,-,-
nb_ind_Table 6: Petroleum Refining Secondary Energy Use and GHG Emissions,42.365,45.792,43.5,49.309,38.395,49.598,57.724,61.65,55.049,55.933,63.244,77.035,75.711,72.882,72.515,72.987,74.515,74.585,73.935,75.539,79.744,73.757,76.002,71.088,58.943,57.318,62.557,62.512,-,-
nb_ind_Table 7: Cement Secondary Energy Use and GHG Emissions,1.774,1.382,1.071,1.281,1.182,0.915,1.011,0.867,1.025,0.638,1.667,1.045,1.221,1.753,1.498,1.643,1.421,1.125,1.541308,1.156136,1.217234,1.176148,1.434017,1.134021,1.182026,1.218006,1.214007,1.372007,-,-
nb_ind_Table 8: Chemicals Secondary Energy Use and GHG Emissions,0.908,0.762,0.906,0.888,0.983,1.283,1.145,1.163,1.187,1.31,1.426,1.531,1.347,1.379,1.603,1.266,1.426,1.368824,0.517003,0.480739,0.313337,0.32015,0.388417,0.43727,0.256328,0.365378,0.428451,0.369376,-,-
nb_ind_Table 9: Iron and Steel Secondary Energy Use and GHG Emissions,1.728,1.334,1.632,1.711,1.886,1.047,0.799,0.712,0.95,0.957,0.438,0.03,0.039,0.04,0.045,0.049,0.006,0.015035,0.003039,0.109898,0.048932,0.061742,0.016039,0.009016,0.004,0.004,0.004,0.004,-,-
nb_ind_Table 10: Other Manufacturing Secondary Energy Use and GHG Emissions,17.563542,37.092052,36.146262,35.57485,46.002398,25.609917,25.020509,27.072789,27.192094,25.043546,27.284762,25.738595,27.376449,27.153281,30.166373,31.972717,34.737941,35.770544,32.89932,32.021052,31.162867,24.85926,27.406062,28.676347,21.494187,20.6171,20.597612,23.296176,-,-
nb_ind_Table 11: Forestry Secondary Energy Use and GHG Emissions,0.338,0.295,0.37,0.573,0.314,0.307,0.614,0.887,0.641,0.776,0.913548,0.738461,0.771607,0.975063,1.04495,1.150014,3.9587,4.133177,4.096813,2.49825,4.287449,4.499044,4.304295,4.051254,4.084328,4.792454,4.478242,5.598201,-,-
"nb_ind_Table 12: Mining, Quarrying, and Oil and Gas Extraction Secondary Energy Use and GHG Emissions",30.392,24.848,24.206,22.796,27.441,27.786,28.195,29.151,26.642,23.558,29.944203,25.03364,24.935658,28.95997,28.50718,33.105889,28.119592,27.242237,27.492897,25.039262,27.10941,27.882342,25.355107,22.771783,22.731137,20.906856,17.28199,16.74556,-,-
nl_res_Table 1: Secondary Energy Use and GHG Emissions by Energy Source,28.493,28.917,29.62,30.282,28.651,26.601,26.771,27.401,25.379,24.588,24.672256,25.777668,27.166006,26.14,25.433983,23.091857,23.047042,25.330492,26.76586,25.385703,24.384017,26.013374,24.310855,23.660904,24.636321,24.54046,26.273219,25.599118,-,-
nl_tra_Table 1: Secondary Energy Use by Energy Source,51.979,48.202,46.246,43.561,42.444,45.985,47.245,47.105,47.088,48.251,50.659,49.421,48.713,51.511,53.262,54.379,48.579,58.064,58.469,58.256,59.782,62.603,49.594,44.021,54.901,58.984,61.276,56.332,-,-
nl_ind_Table 1: Secondary Energy Use and GHG Emissions by Energy Source ,190.32,178.95,171.0,175.11,184.67,210.08,210.04,220.0,206.44,210.34,226.84,227.4,234.97,235.72,245.38,236.9,234.14,245.17,227.85,215.55,212.25,194.25,189.04,187.14,162.32,165.74,174.4,180.85,-,-
nl_ind_Table 3: Construction Secondary Energy Use and GHG Emissions,4.768,3.857,3.771,3.178,3.253,3.221,2.975,3.07,3.068,3.297,3.429507,3.686829,3.762471,3.862989,4.457551,4.120262,4.163593,4.533893,4.044024,3.743989,6.185017,6.032023,5.110708,4.324649,5.430119,6.834186,8.544876,7.53167,-,-
nl_ind_Table 4: Pulp and Paper Secondary Energy Use and GHG Emissions,89.288458,62.472948,57.509738,57.63565,62.966102,98.760533,91.169541,94.036661,89.088006,97.014054,96.847863,91.054808,98.421672,97.691951,104.669481,89.42848,84.052139,93.876146,81.576814,73.161999,60.446777,53.979531,47.384156,53.024765,46.732744,52.160228,58.066367,61.134522,-,-
nl_ind_Table 5: Smelting and Refining Secondary Energy Use and GHG Emissions,1.197,1.111,1.892,2.168,2.248,1.549,1.387,1.394,1.599,1.817,1.645,1.504,1.385,1.019,0.871,1.18,1.745,2.519945,1.748152,1.803765,1.736666,1.681533,1.639797,1.623412,1.463829,1.525843,1.227578,2.284637,-,-
nl_ind_Table 6: Petroleum Refining Secondary Energy Use and GHG Emissions,42.365,45.792,43.5,49.309,38.395,49.598,57.724,61.65,55.049,55.933,63.244,77.035,75.711,72.882,72.515,72.987,74.515,74.585,73.935,75.539,79.744,73.757,76.002,71.088,58.943,57.318,62.557,62.512,-,-
nl_ind_Table 7: Cement Secondary Energy Use and GHG Emissions,1.774,1.382,1.071,1.281,1.182,0.915,1.011,0.867,1.025,0.638,1.667,1.045,1.221,1.753,1.498,1.643,1.421,1.125,1.541308,1.156136,1.217234,1.176148,1.434017,1.134021,1.182026,1.218006,1.214007,1.372007,-,-
nl_ind_Table 8: Chemicals Secondary Energy Use and GHG Emissions,0.908,0.762,0.906,0.888,0.983,1.283,1.145,1.163,1.187,1.31,1.426,1.531,1.347,1.379,1.603,1.266,1.426,1.368824,0.517003,0.480739,0.313337,0.32015,0.388417,0.43727,0.256328,0.365378,0.428451,0.369376,-,-
nl_ind_Table 9: Iron and Steel Secondary Energy Use and GHG Emissions,1.728,1.334,1.632,1.711,1.886,1.047,0.799,0.712,0.95,0.957,0.438,0.03,0.039,0.04,0.045,0.049,0.006,0.015035,0.003039,0.109898,0.048932,0.061742,0.016039,0.009016,0.004,0.004,0.004,0.004,-,-
nl_ind_Table 10: Other Manufacturing Secondary Energy Use and GHG Emissions,17.563542,37.092052,36.146262,35.57485,46.002398,25.609917,25.020509,27.072789,27.192094,25.043546,27.284762,25.738595,27.376449,27.153281,30.166373,31.972717,34.737941,35.770544,32.89932,32.021052,31.162867,24.85926,27.406062,28.676347,21.494187,20.6171,20.597612,23.296176,-,-
nl_ind_Table 11: Forestry Secondary Energy Use and GHG Emissions,0.338,0.295,0.37,0.573,0.314,0.307,0.614,0.887,0.641,0.776,0.913548,0.738461,0.771607,0.975063,1.04495,1.150014,3.9587,4.133177,4.096813,2.49825,4.287449,4.499044,4.304295,4.051254,4.084328,4.792454,4.478242,5.598201,-,-
"nl_ind_Table 12: Mining, Quarrying, and Oil and Gas Extraction Secondary Energy Use and GHG Emissions",30.392,24.848,24.206,22.796,27.441,27.786,28.195,29.151,26.642,23.558,29.944203,25.03364,24.935658,28.95997,28.50718,33.105889,28.119592,27.242237,27.492897,25.039262,27.10941,27.882342,25.355107,22.771783,22.731137,20.906856,17.28199,16.74556,-,-
ns_res_Table 1: Secondary Energy Use and GHG Emissions by Energy Source,51.488,48.151,49.98,50.86,49.1,44.149,45.467,47.486,46.034,46.268,47.341833,50.388743,50.824897,47.77,44.462785,42.45953,42.672332,47.470457,49.197823,49.022214,50.771725,53.792235,48.955993,46.908564,45.058719,45.361325,42.124983,43.850255,-,-
ns_tra_Table 1: Secondary Energy Use by Energy Source,74.555,72.609,70.686,72.692,75.219,76.727,75.156,76.435,80.086,85.382,80.58,75.806,75.137,79.649,81.808,83.484,76.677,75.069,72.623,71.388,70.32,77.736,72.206,67.359,63.38,72.25,71.968,72.274,-,-
ns_ind_Table 1: Secondary Energy Use and GHG Emissions by Energy Source ,190.32,178.95,171.0,175.11,184.67,210.08,210.04,220.0,206.44,210.34,226.84,227.4,234.97,235.72,245.38,236.9,234.14,245.17,227.85,215.55,212.25,194.25,189.04,187.14,162.32,165.74,174.4,180.85,-,-
ns_ind_Table 3: Construction Secondary Energy Use and GHG Emissions,4.768,3.857,3.771,3.178,3.253,3.221,2.975,3.07,3.068,3.297,3.429507,3.686829,3.762471,3.862989,4.457551,4.120262,4.163593,4.533893,4.044024,3.743989,6.185017,6.032023,5.110708,4.324649,5.430119,6.834186,8.544876,7.53167,-,-
ns_ind_Table 4: Pulp and Paper Secondary Energy Use and GHG Emissions,89.288458,62.472948,57.509738,57.63565,62.966102,98.760533,91.169541,94.036661,89.088006,97.014054,96.847863,91.054808,98.421672,97.691951,104.669481,89.42848,84.052139,93.876146,81.576814,73.161999,60.446777,53.979531,47.384156,53.024765,46.732744,52.160228,58.066367,61.134522,-,-
ns_ind_Table 5: Smelting and Refining Secondary Energy Use and GHG Emissions,1.197,1.111,1.892,2.168,2.248,1.549,1.387,1.394,1.599,1.817,1.645,1.504,1.385,1.019,0.871,1.18,1.745,2.519945,1.748152,1.803765,1.736666,1.681533,1.639797,1.623412,1.463829,1.525843,1.227578,2.284637,-,-
ns_ind_Table 6: Petroleum Refining Secondary Energy Use and GHG Emissions,42.365,45.792,43.5,49.309,38.395,49.598,57.724,61.65,55.049,55.933,63.244,77.035,75.711,72.882,72.515,72.987,74.515,74.585,73.935,75.539,79.744,73.757,76.002,71.088,58.943,57.318,62.557,62.512,-,-
ns_ind_Table 7: Cement Secondary Energy Use and GHG Emissions,1.774,1.382,1.071,1.281,1.182,0.915,1.011,0.867,1.025,0.638,1.667,1.045,1.221,1.753,1.498,1.643,1.421,1.125,1.541308,1.156136,1.217234,1.176148,1.434017,1.134021,1.182026,1.218006,1.214007,1.372007,-,-
ns_ind_Table 8: Chemicals Secondary Energy Use and GHG Emissions,0.908,0.762,0.906,0.888,0.983,1.283,1.145,1.163,1.187,1.31,1.426,1.531,1.347,1.379,1.603,1.266,1.426,1.368824,0.517003,0.480739,0.313337,0.32015,0.388417,0.43727,0.256328,0.365378,0.428451,0.369376,-,-
ns_ind_Table 9: Iron and Steel Secondary Energy Use and GHG Emissions,1.728,1.334,1.632,1.711,1.886,1.047,0.799,0.712,0.95,0.957,0.438,0.03,0.039,0.04,0.045,0.049,0.006,0.015035,0.003039,0.109898,0.048932,0.061742,0.016039,0.009016,0.004,0.004,0.004,0.004,-,-
ns_ind_Table 10: Other Manufacturing Secondary Energy Use and GHG Emissions,17.563542,37.092052,36.146262,35.57485,46.002398,25.609917,25.020509,27.072789,27.192094,25.043546,27.284762,25.738595,27.376449,27.153281,30.166373,31.972717,34.737941,35.770544,32.89932,32.021052,31.162867,24.85926,27.406062,28.676347,21.494187,20.6171,20.597612,23.296176,-,-
ns_ind_Table 11: Forestry Secondary Energy Use and GHG Emissions,0.338,0.295,0.37,0.573,0.314,0.307,0.614,0.887,0.641,0.776,0.913548,0.738461,0.771607,0.975063,1.04495,1.150014,3.9587,4.133177,4.096813,2.49825,4.287449,4.499044,4.304295,4.051254,4.084328,4.792454,4.478242,5.598201,-,-
"ns_ind_Table 12: Mining, Quarrying, and Oil and Gas Extraction Secondary Energy Use and GHG Emissions",30.392,24.848,24.206,22.796,27.441,27.786,28.195,29.151,26.642,23.558,29.944203,25.03364,24.935658,28.95997,28.50718,33.105889,28.119592,27.242237,27.492897,25.039262,27.10941,27.882342,25.355107,22.771783,22.731137,20.906856,17.28199,16.74556,-,-
on_com_Table 1: Secondary Energy Use and GHG Emissions by Energy Source,255.90116,272.23824,289.653,293.3018,287.81648,282.682,298.258,317.774999999999,289.598999999999,320.09,354.0641337231,366.396660242,377.2902857603,399.420573417699,393.457392299999,387.8385184778,355.7839312881,365.0308251825,372.665115196299,358.985048918799,362.8765541675,390.2351654876,364.5189357418,399.3328116231,429.1593251157,420.787649316099,403.3678062892,432.9234980656,449.0931265637,455.9072659187
on_res_Table 1: Secondary Energy Use and GHG Emissions by Energy Source,532.6,526.491,541.509,566.411,586.446,566.665,589.246,569.094,501.738,526.074,531.32615,516.356115,531.744491,564.219382,550.918859,567.006042,525.50729,569.607546,572.297897,547.421689,540.849625,574.02268,532.0673,577.064622,578.605258,583.005518,551.127804,563.134122,592.480304,584.013314
on_tra_Table 1: Secondary Energy Use by Energy Source,635.159,613.906,626.773,641.336,653.975,670.836,682.482,720.23,740.149,770.665,784.886,769.749,770.547,796.77,828.868,874.499,828.06,843.142,845.415,853.093,880.828,880.872,856.044,892.252,869.736,873.515,873.606,885.388,-,-
on_ind_Table 1: Secondary Energy Use and GHG Emissions by Energy Source ,868.12,865.67,860.52,830.25,855.62,866.77,866.58,870.4,870.08,860.93,871.31,821.6,870.96,845.74,901.41,854.3,870.86,875.2,852.84,716.89,744.42,763.79,746.49,734.64,737.44,722.25,717.73,734.02,-,-
on_ind_Table 3: Construction Secondary Energy Use and GHG Emissions,21.149,17.93,17.387,13.943,15.769,14.944,16.092,14.148,15.321,16.498,17.981193,17.609407,22.074648,23.163232,25.161226,27.014009,26.203402,24.95589,26.353961,22.137935,22.780803,22.626505,24.461569,23.650815,21.549806,33.901691,36.169018,39.141105,-,-
on_ind_Table 4: Pulp and Paper Secondary Energy Use and GHG Emissions,142.339325,96.452512,98.048436,99.294871,96.975846,141.47095,145.032593,150.142794,144.771195,154.871837,156.0935,142.444935,147.473745,146.990057,164.37147,135.182012,124.736859,118.176046,108.606869,89.743911,87.22043,89.62923,72.64586,101.240333,94.740631,88.609794,78.134129,83.606322,-,-
on_ind_Table 5: Smelting and Refining Secondary Energy Use and GHG Emissions,15.824,11.936,13.215,10.443,20.64,22.543,22.591,22.15,22.223,22.023,20.947,24.691,23.477,19.098,19.79,20.564,22.783,23.60605,24.243802,19.041304,19.365842,20.763291,19.706339,17.402625,11.856955,9.236897,19.826485,21.210313,-,-
on_ind_Table 6: Petroleum Refining Secondary Energy Use and GHG Emissions,107.842,110.526,120.465,121.649,113.854,125.269,125.924,123.428,134.205,114.344,123.494,126.062,142.269,140.858,134.806,127.893,127.933,133.677,132.146,122.34,124.842,120.598,119.181,104.675,106.496,97.53,94.233,94.21,-,-
on_ind_Table 7: Cement Secondary Energy Use and GHG Emissions,27.9296,21.6428,23.3294,22.565,27.4506,27.9356,27.8542,28.012,28.4778,31.363,31.7126,30.7608,34.1012,37.485,36.9762,37.4332,41.2636,38.475102,32.462896,32.260318,31.497934,27.206468,27.159642,25.710484,24.822953,22.178593,22.339847,23.442064,-,-
on_ind_Table 8: Chemicals Secondary Energy Use and GHG Emissions,80.015,73.774,66.155,52.727,60.634,63.068,70.223,67.927,64.343,65.9,67.175,61.419,57.727,37.099,54.911,41.556,56.613,57.120049,56.119043,49.525041,52.653084,49.963029,51.680024,59.8311,71.778111,76.292992,74.806649,69.907596,-,-
on_ind_Table 9: Iron and Steel Secondary Energy Use and GHG Emissions,188.497,208.691,217.772,213.144,211.534,209.188,208.59,211.375,212.491,221.935,218.504,205.038,218.754,206.643,215.511,208.284,213.72,208.261,206.011,152.086,180.622,194.117,196.970006,175.849011,187.792,175.225,180.896,185.665032,-,-
on_ind_Table 10: Other Manufacturing Secondary Energy Use and GHG Emissions,253.787175,293.448988,271.884064,266.617629,280.533154,233.39605,220.108407,224.533656,221.311905,207.916313,209.287213,189.338202,201.375296,210.871593,219.720461,223.862427,225.737683,231.548011,226.329806,194.96532,195.215645,204.78636,198.977759,191.625585,183.087231,179.275572,167.110814,176.059409,-,-
on_ind_Table 11: Forestry Secondary Energy Use and GHG Emissions,1.463,1.277,1.481,1.379,1.579,1.555,1.73,2.389,3.061,4.023,4.381024,3.590065,3.526135,3.57721,7.647404,7.16928,6.35324,7.49337,7.602298,2.371091,1.868186,2.195083,1.530027,1.785016,1.384042,3.60606,3.92307,4.659385,-,-
"on_ind_Table 12: Mining, Quarrying, Oil and Gas Extraction Secondary Energy Use and GHG Emissions",29.273,29.996,30.781,28.487,26.652,27.402,28.436,26.291,23.878,22.052,21.73209,20.646177,20.183348,19.952646,22.511272,25.344097,25.52088,31.885985,32.962744,32.422328,28.356882,31.908911,34.173324,32.872899,33.934336,36.392784,40.287845,36.114192,-,-
pe_res_Table 1: Secondary Energy Use and GHG Emissions by Energy Source,8.051,7.592,7.643,7.347,7.022,6.629,7.099,7.345,6.768,6.589,6.822143,6.669047,6.337045,5.62,6.544417,5.877721,5.80744,7.106982,7.027369,7.682241,7.27426,8.521339,7.561122,6.839772,6.281885,5.698454,5.700507,6.196801,-,-
pe_tra_Table 1: Secondary Energy Use by Energy Source,8.781,8.769,8.729,8.604,8.954,8.846,9.58,9.304,9.623,10.303,10.599,10.242,10.516,10.864,11.204,11.115,10.815,10.884,10.524,10.087,10.61,12.281,11.414,9.982,10.515,11.276,12.197,12.122,-,-
pe_ind_Table 1: Secondary Energy Use and GHG Emissions by Energy Source ,190.32,178.95,171.0,175.11,184.67,210.08,210.04,220.0,206.44,210.34,226.84,227.4,234.97,235.72,245.38,236.9,234.14,245.17,227.85,215.55,212.25,194.25,189.04,187.14,162.32,165.74,174.4,180.85,-,-
pe_ind_Table 3: Construction Secondary Energy Use and GHG Emissions,4.768,3.857,3.771,3.178,3.253,3.221,2.975,3.07,3.068,3.297,3.429507,3.686829,3.762471,3.862989,4.457551,4.120262,4.163593,4.533893,4.044024,3.743989,6.185017,6.032023,5.110708,4.324649,5.430119,6.834186,8.544876,7.53167,-,-
pe_ind_Table 4: Pulp and Paper Secondary Energy Use and GHG Emissions,89.288458,62.472948,57.509738,57.63565,62.966102,98.760533,91.169541,94.036661,89.088006,97.014054,96.847863,91.054808,98.421672,97.691951,104.669481,89.42848,84.052139,93.876146,81.576814,73.161999,60.446777,53.979531,47.384156,53.024765,46.732744,52.160228,58.066367,61.134522,-,-
pe_ind_Table 5: Smelting and Refining Secondary Energy Use and GHG Emissions,1.197,1.111,1.892,2.168,2.248,1.549,1.387,1.394,1.599,1.817,1.645,1.504,1.385,1.019,0.871,1.18,1.745,2.519945,1.748152,1.803765,1.736666,1.681533,1.639797,1.623412,1.463829,1.525843,1.227578,2.284637,-,-
pe_ind_Table 6: Petroleum Refining Secondary Energy Use and GHG Emissions,42.365,45.792,43.5,49.309,38.395,49.598,57.724,61.65,55.049,55.933,63.244,77.035,75.711,72.882,72.515,72.987,74.515,74.585,73.935,75.539,79.744,73.757,76.002,71.088,58.943,57.318,62.557,62.512,-,-
pe_ind_Table 7: Cement Secondary Energy Use and GHG Emissions,1.774,1.382,1.071,1.281,1.182,0.915,1.011,0.867,1.025,0.638,1.667,1.045,1.221,1.753,1.498,1.643,1.421,1.125,1.541308,1.156136,1.217234,1.176148,1.434017,1.134021,1.182026,1.218006,1.214007,1.372007,-,-
pe_ind_Table 8: Chemicals Secondary Energy Use and GHG Emissions,0.908,0.762,0.906,0.888,0.983,1.283,1.145,1.163,1.187,1.31,1.426,1.531,1.347,1.379,1.603,1.266,1.426,1.368824,0.517003,0.480739,0.313337,0.32015,0.388417,0.43727,0.256328,0.365378,0.428451,0.369376,-,-
pe_ind_Table 9: Iron and Steel Secondary Energy Use and GHG Emissions,1.728,1.334,1.632,1.711,1.886,1.047,0.799,0.712,0.95,0.957,0.438,0.03,0.039,0.04,0.045,0.049,0.006,0.015035,0.003039,0.109898,0.048932,0.061742,0.016039,0.009016,0.004,0.004,0.004,0.004,-,-
pe_ind_Table 10: Other Manufacturing Secondary Energy Use and GHG Emissions,17.563542,37.092052,36.146262,35.57485,46.002398,25.609917,25.020509,27.072789,27.192094,25.043546,27.284762,25.738595,27.376449,27.153281,30.166373,31.972717,34.737941,35.770544,32.89932,32.021052,31.162867,24.85926,27.406062,28.676347,21.494187,20.6171,20.597612,23.296176,-,-
pe_ind_Table 11: Forestry Secondary Energy Use and GHG Emissions,0.338,0.295,0.37,0.573,0.314,0.307,0.614,0.887,0.641,0.776,0.913548,0.738461,0.771607,0.975063,1.04495,1.150014,3.9587,4.133177,4.096813,2.49825,4.287449,4.499044,4.304295,4.051254,4.084328,4.792454,4.478242,5.598201,-,-
"pe_ind_Table 12: Mining, Quarrying, and Oil and Gas Extraction Secondary Energy Use and GHG Emissions",30.392,24.848,24.206,22.796,27.441,27.786,28.195,29.151,26.642,23.558,29.944203,25.03364,24.935658,28.95997,28.50718,33.105889,28.119592,27.242237,27.492897,25.039262,27.10941,27.882342,25.355107,22.771783,22.731137,20.906856,17.28199,16.74556,-,-
qc_com_Table 1: Secondary Energy Use and GHG Emissions by Energy Source,126.6148,127.47352,134.61612,137.54028,140.897359999999,152.727,142.865,144.215999999999,139.759,145.708,218.282993847,214.04881575,227.031370686999,240.0185096,229.899772072,224.824781104,211.010830148,218.835649757,219.120364024999,231.433374064,226.077775962,224.9713549468,209.3091628733,211.875211002999,219.7990318677,223.489613117899,222.384753896,230.1669177482,232.7857612765,237.5053952072
qc_res_Table 1: Secondary Energy Use and GHG Emissions by Energy Source,357.051,343.806,357.519,362.317,368.104,353.759,366.905,363.183,349.238,358.328,304.184385,287.255174,299.476183,315.110133,335.914163,322.935587,313.85598,340.214675,334.819779,339.421551,313.508781,323.321858,317.285386,333.788166,349.930383,338.180941,329.618722,326.619322,342.876946,351.297847
qc_tra_Table 1: Secondary Energy Use by Energy Source,399.438,375.355,388.748,391.613,417.593,417.024,425.875,431.665,455.108,458.768,457.95,456.822,479.129,484.75,496.115,486.426,504.229,530.328,515.59,501.708,501.016,522.5,550.504,542.36,507.608,520.91,528.923,534.365,-,-
qc_ind_Table 1: Secondary Energy Use and GHG Emissions by Energy Source ,605.9,585.84,595.08,613.39,638.74,645.86,652.38,696.14,664.24,669.87,687.73,655.96,690.96,705.7,725.77,694.23,691.28,679.02,679.22,632.21,597.91,602.13,591.01,597.83,618.76,629.5,604.81,594.86,-,-
qc_ind_Table 3: Construction Secondary Energy Use and GHG Emissions,12.571,11.409,10.879,8.416,7.932,6.204,6.003,6.615,6.405,6.546,6.313088,6.466208,7.904411,9.689526,10.78992,8.806773,10.95788,11.743043,11.007996,15.534258,17.008771,17.735794,17.901408,16.670433,15.342883,15.311483,16.761886,17.596146,-,-
qc_ind_Table 4: Pulp and Paper Secondary Energy Use and GHG Emissions,202.861137,153.464501,150.989314,148.960929,155.150703,218.19391,203.761154,247.659094,216.331262,222.563784,223.596747,203.302158,223.485415,219.582296,230.88368,203.597074,192.582588,179.571304,173.63393,144.484568,138.140733,139.061587,125.668045,125.435563,125.734897,138.836432,134.738982,133.50994,-,-
qc_ind_Table 5: Smelting and Refining Secondary Energy Use and GHG Emissions,126.436,133.487,142.021,157.352,163.02,157.125,167.77,168.707,175.697,172.05,169.765032,184.955012,192.248041,199.192166,185.991264,199.054232,204.345207,195.284853,199.422218,174.642163,180.052656,188.907347,177.529031,175.796889,188.956264,200.173485,203.56196,207.795238,-,-
qc_ind_Table 6: Petroleum Refining Secondary Energy Use and GHG Emissions,58.773,51.912,54.414,55.237,58.938,50.003,63.028,58.465,57.564,57.17,62.444,61.839,55.504,55.461,67.072,64.298,68.901,70.342,66.322,66.486,50.02,43.868,41.304,38.663,37.361,39.916,35.851,30.228,-,-
qc_ind_Table 7: Cement Secondary Energy Use and GHG Emissions,13.5127,12.4401,10.2038,10.8235,13.6382,13.0662,12.2804,10.083,10.6491,10.65,11.0832,10.8056,10.6104,10.7325,12.7154,12.9004,8.8912,8.53901,13.017614,10.604924,11.098232,11.199313,12.440711,10.85581,10.929122,11.494337,12.176105,12.707006,-,-
qc_ind_Table 8: Chemicals Secondary Energy Use and GHG Emissions,28.247,30.816,26.997,29.243,23.898,26.484,25.432,27.016,25.797,28.554,27.078,27.253,28.006,30.152,32.209,30.953,35.152,38.08108,35.961053,34.50308,31.125098,32.556104,32.421584,27.658089,43.224134,44.530195,29.670225,24.817288,-,-
qc_ind_Table 9: Iron and Steel Secondary Energy Use and GHG Emissions,24.578,21.044,20.509,21.997,28.571,28.477,33.136,32.885,34.593,30.202,33.155,17.109,18.308,24.992,24.012,22.097,25.476,33.502031,27.135031,24.49108,19.610064,21.231063,22.861056,27.412058,31.559117,30.853116,29.521105,30.396154,-,-
qc_ind_Table 10: Other Manufacturing Secondary Energy Use and GHG Emissions,113.008863,144.998499,153.329686,153.543071,159.948297,116.75009,112.638146,116.366156,110.523088,115.298216,124.794548,118.520114,126.747413,124.027647,132.606626,128.061121,114.105799,111.900538,116.601375,111.293313,108.36268,114.22807,118.275262,132.015179,125.688277,109.472044,103.790533,103.555817,-,-
qc_ind_Table 11: Forestry Secondary Energy Use and GHG Emissions,2.079,1.765,2.108,2.425,2.05,2.301,2.473,2.535,2.875,3.711,4.322032,4.451062,4.902127,7.625157,8.491291,8.878253,8.077267,6.520193,6.722204,9.490538,7.478294,5.533278,5.822131,5.386201,5.337486,5.417001,6.237456,6.153127,-,-
"qc_ind_Table 12: Mining, Quarrying, Oil and Gas Extraction Secondary Energy Use and GHG Emissions",23.833,24.503,23.63,25.396,25.593,27.252,25.857,25.804,23.804,23.128,25.181035,21.263067,23.244134,24.250214,20.99943,15.580342,22.795345,23.532313,29.400293,40.67955,35.009632,27.805667,36.783352,37.940378,34.622112,33.495927,32.501872,28.098967,-,-
sk_com_Table 1: Secondary Energy Use and GHG Emissions by Energy Source,33.73448,33.77272,31.7450399999999,43.1864,40.18344,40.8619999999999,42.6319999999999,39.399,38.375,43.131,47.917,43.1239999999999,51.178,46.855,44.15612711869,44.21606813183,44.1550780911499,43.47304954952,47.05203466205,49.0430440366999,41.4990480427099,40.129,38.714,39.074102,42.52978235294,42.35408870968,45.9710139534899,49.788,52.642,55.864
sk_res_Table 1: Secondary Energy Use and GHG Emissions by Energy Source,53.266,53.736,50.892,52.695,52.85,53.72,58.997,52.388,48.555,49.679,49.504954,48.842129,50.641309,46.081859,44.81963,42.770411,44.640681,43.803794,45.691213,47.605145,50.643236,48.90846,47.713545,51.550807,52.156671,48.710007,47.567694,51.459698,55.398189,57.305694
sk_tra_Table 1: Secondary Energy Use by Energy Source,63.076,66.1,68.987,70.916,78.032,76.778,78.937,76.768,75.171,75.282,77.115,76.674,83.392,89.091,89.767,93.999,100.174,108.71,115.623,124.719,134.259,123.037,133.476,147.346,141.408,144.233,139.495,140.952,-,-
sk_ind_Table 1: Secondary Energy Use and GHG Emissions by Energy Source ,91.99,101.52,121.25,116.48,129.49,117.74,118.8,122.29,119.18,115.05,123.33,121.11,118.81,122.94,124.48,123.77,124.51,131.49,123.62,116.91,128.89,137.48,145.63,150.17,161.18,166.86,161.44,165.97,-,-
sk_ind_Table 3: Construction Secondary Energy Use and GHG Emissions,3.616,3.468,3.643,3.719,4.076,4.13,4.71,4.73,4.606,4.766,4.27,3.783,4.237,4.857,4.73,5.387136,4.937085,6.096036,6.260047,5.558286,6.075283,6.376,6.239,7.242006,7.020206,8.792016,9.771,9.758,-,-
sk_ind_Table 4: Pulp and Paper Secondary Energy Use and GHG Emissions,16.805259,9.060601,10.431463,11.220424,11.566747,19.96125,19.91303,17.202998,16.740964,14.705404,15.498816,14.939504,15.921881,13.954428,14.885655,9.198,1.646645,5.434067,0.865315,3.953,3.916,4.219,8.451681,8.67218,6.482727,5.057762,5.529547,6.065125,-,-
sk_ind_Table 5: Smelting and Refining Secondary Energy Use and GHG Emissions,2.095,2.243,3.067,3.452,2.519,0.419,0.412,0.43,0.466,0.517,0.547,0.57,0.596,0.584,0.573,0.557,0.0,0.018516,0.009266,0.0,0.0,0.0,0.0,0.0,0.050754,0.036865,0.030957,0.033973,-,-
sk_ind_Table 6: Petroleum Refining Secondary Energy Use and GHG Emissions,28.393,28.13,26.8366,22.446404,24.274404,11.716507,15.901746,13.404166,12.93404,11.17421,11.97963,12.93151,13.60051,17.82649,22.41933,16.25833,19.16413,18.73413,9.13422,12.33023,13.97106,20.659198,22.808585,23.22402,23.166659,24.85711,24.576644,24.329513,-,-
sk_ind_Table 7: Cement Secondary Energy Use and GHG Emissions,0.507,0.503,0.066,0.028,0.015,0.0,0.0,0.0,0.0,0.0,0.0,0.0,0.001,0.002,0.002,0.002,0.0,0.077,0.072,0.0,0.001,0.0,0.0,0.0,0.0,0.0,0.0,0.047,-,-
sk_ind_Table 8: Chemicals Secondary Energy Use and GHG Emissions,1.789,1.857,1.892,7.953,8.853,3.019,3.203,2.929,3.123,3.222,3.354,3.294,3.399,3.378,3.267,4.205,3.073,2.962,3.082,2.363,2.638,4.716,6.274,6.451,8.311027,8.871004,10.08,9.896,-,-
sk_ind_Table 9: Iron and Steel Secondary Energy Use and GHG Emissions,0.576,0.608,0.583,0.02,3.332,6.044,6.75,5.335,5.675,5.046,5.169,4.565,5.053,5.318,5.479,5.086,5.437,4.663,5.729,4.751,6.654,5.313,5.18,5.65,5.372,5.04,4.89,5.311,-,-
sk_ind_Table 10: Other Manufacturing Secondary Energy Use and GHG Emissions,9.972741,26.245399,42.123537,13.890576,18.514753,9.01475,14.95362,14.472002,14.686636,12.631146,13.767734,11.945196,11.121369,6.699072,6.024415,5.725026,11.606931,10.887446,12.981566,8.875138,10.13916,14.571,17.410119,19.760282,22.760643,18.325381,15.685546,18.206912,-,-
sk_ind_Table 11: Forestry Secondary Energy Use and GHG Emissions,0.13,0.121,0.115,0.149,0.106,0.095,0.117,0.149,0.176,0.165,0.186,0.164,0.105,0.127,0.206,0.237,0.266,0.195,0.117,0.13,0.239,0.231,0.208,0.200012,0.170096,0.197012,0.169,0.201,-,-
"sk_ind_Table 12: Mining, Quarrying, Oil and Gas Extraction Secondary Energy Use and GHG Emissions",28.108,29.285,32.4964,53.598596,56.236596,63.344493,52.837254,63.633834,60.77596,62.82279,68.55737,68.92049,64.77449,70.19151,66.897071,77.114088,78.377308,82.423379,85.372215,78.946135,85.254776,81.393802,79.059415,78.968478,87.842759,95.681426,90.706933,92.11902,-,-
ter_res_Table 1: Secondary Energy Use and GHG Emissions by Energy Source,4.01,4.34,4.369,5.02,4.563,2.833,3.131,2.954,2.091,3.018,3.429,3.381,3.314,3.15,3.704,3.395,3.062,3.581,3.987,3.596858,3.258619,3.279,3.006909,2.946,3.036,2.777,2.395,2.212814,-,-
can_agr_Atlantic1,6.345,7.732,9.072,7.761,8.21,9.314,9.036,9.891,9.851,9.933,9.623,8.201,8.703,7.355,9.121,9.075,8.064,8.83,8.401,8.651,11.706,12.604,10.22,8.773,6.097,6.104,6.525,6.525,-,-
can_agr_Newfoundland and Labrador1,0.509,0.716,0.98,0.91,0.991,0.993,0.974,1.196,1.219,1.184,0.935,0.796,0.881,0.461,0.498,0.432,0.377,0.391,0.394,0.372,0.481,0.484,0.34,0.28,0.424,0.352,0.367,0.367,-,-
can_agr_Prince Edward Island1,1.428,1.417,1.421,1.488,1.431,1.564,1.753,1.905,2.069,1.984,1.629,1.323,1.735,1.68,1.782,1.784,1.739,1.787,1.758,2.055,2.204,2.534,2.183,1.962,1.909,2.181,2.289,2.289,-,-
can_agr_Nova Scotia1,2.526,3.559,4.266,3.042,3.144,3.675,3.628,3.905,3.777,3.846,4.411,3.846,3.596,3.061,4.504,4.679,3.606,3.989,3.708,2.856,4.174,4.765,3.674,2.966,1.615,1.687,1.677,1.677,-,-
can_agr_Quebec1,19.441,20.433,21.522,20.349,20.849,19.327,17.744,19.335,18.95,19.634,21.155,22.804,25.185,28.841,28.394,32.182,31.39,33.177,32.335,30.138,33.493,37.885,33.459,35.902,34.873,33.192,33.373,33.373,-,-
can_agr_Ontario1,39.779,44.074,45.535,44.156,43.755,51.497,54.523,54.718,54.641,55.865,55.092,53.296,52.779,54.077,52.198,51.197,53.545,51.16,52.185,46.272,60.466,65.376,62.304,64.443,59.274,61.03,61.937,61.937,-,-
can_agr_Manitoba1,20.467,18.502,17.953,19.501,19.382,21.83,22.738,22.429,20.71,21.084,21.757,22.459,23.784,23.918,25.302,25.408,23.409,23.341,24.225,18.552,18.395,19.911,21.647,22.109,23.37,23.65,23.505,23.505,-,-
can_agr_Saskatchewan1,50.587,46.079,43.861,44.976,48.316,50.077,54.026,55.686,48.671,50.398,49.198,44.031,40.684,40.521,41.227,44.823,44.401,53.331,53.817,53.945,55.1,59.924,62.352,69.346,82.157,84.422,82.205,82.205,-,-
can_agr_Alberta1,52.389,46.859,46.841,49.264,44.397,47.138,52.601,54.492,57.913,58.658,61.139,52.636,47.09,52.402,51.49,52.324,55.639,53.305,56.676,42.059,48.241,56.881,56.426,58.366,63.304,61.958,64.577,64.577,-,-
can_agr_British Columbia and Territories1,10.149,11.564,12.072,12.758,10.882,10.068,11.53,13.483,14.465,14.818,16.601,19.401,16.029,15.363,15.005,12.845,13.751,15.939,15.848,12.218,19.104,18.965,20.934,21.734,22.291,25.828,26.975,26.975,-,-
can_agr_British Columbia1,10.149,11.564,12.072,12.758,10.882,10.068,11.53,13.483,14.465,14.818,16.601,19.401,16.029,15.363,15.005,12.845,13.751,15.939,15.848,12.218,19.104,18.965,20.934,21.734,22.291,25.828,26.975,-,-,-
can_agr_Territories1,10.149,11.564,12.072,12.758,10.882,10.068,11.53,13.483,14.465,14.818,16.601,19.401,16.029,15.363,15.005,12.845,13.751,15.939,15.848,12.218,19.104,18.965,20.934,21.734,22.291,25.828,26.975,-,-,-
